#{"t_start": 1775745578.0254052, "env_id": "None"}
r,l,t
-198.583379,47,1.105654
-519.072385,47,1.108996
-106.498126,47,1.110001
30.25,47,1.114002
11.75,47,1.119116
9.8,47,1.122126
-19.564654,47,1.124636
-308.542806,47,1.125639
-307.185872,47,1.130178
-125.871455,47,1.133284
-59.82336,47,1.135791
-184.763032,47,1.137967
-329.496276,47,1.140996
-225.256866,47,1.143003
-33.4799,47,1.146024
-44.556969,47,1.148118
4.081055,47,1.152159
-1115.810893,47,1.154974
11.6,47,1.157119
-23.23826,47,1.160148
1.522603,47,1.163159
-295.190407,47,1.201389
-27.511832,47,1.203907
18.456896,47,1.20491
11.904897,47,1.209478
9.675873,47,1.211482
6.535466,47,1.213997
-92.326123,47,1.216
-11248.667394,47,1.220491
2.178686,47,1.222997
20.85,47,1.225096
-131.351014,47,1.227102
-1591.331513,47,1.231115
-495.447658,47,1.233629
-1107.512404,47,1.235977
-1069.284293,47,1.237984
-337.702251,47,1.242072
-256.801817,47,1.244494
-571.438397,47,1.247
-1021.36751,47,1.24901
-1507.428471,47,1.252152
-1002.685738,47,1.254719
-1183.416647,47,1.257893
-980.949798,47,1.259898
-691.246464,47,1.262908
-1257.281056,47,1.265363
-908.130762,47,1.267873
-986.751508,47,1.271384
-2297.692695,47,1.275141
-2426.826386,47,1.277168
-1892.70456,47,1.280178
-157.518429,47,1.281497
-2572.15355,47,1.286136
-1993.868845,47,1.288168
-154.980486,47,1.290329
-330.467797,47,1.292833
-54.717915,47,1.296856
-27.852675,47,1.299953
-229.609688,47,1.30202
-213.613141,47,1.30453
-188.711361,47,1.307953
-73.645251,47,1.30996
10.7,47,1.312977
-3602.328076,47,1.315436
-475.422194,47,1.318805
-6357.531167,47,1.320812
-8955.178475,47,1.323319
19.35,47,1.325748
21.7,47,1.328812
9.9,47,1.330904
-17.166937,47,1.333416
-3219.78807,47,1.335479
-757.355674,47,1.339871
-1854.892724,47,1.341876
-643.000341,47,1.343383
-503.695378,47,1.345389
-794.105253,47,1.349803
-200.933907,47,1.351808
-239.647986,47,1.354323
-1353.18658,47,1.355326
-58.178833,47,1.360486
-795.631557,47,1.362991
-1129.408071,47,1.366018
-255.218556,47,1.368024
-224.395767,47,1.371419
-182.497477,47,1.374935
-3118.584384,47,1.378023
-113.095331,47,1.380028
-1333.412621,47,1.383594
-284.489518,47,1.385597
-2482.378149,47,1.388105
-209.784081,47,1.390112
-481.382285,47,1.394389
-982.661934,47,1.396894
-2779.361299,47,1.398909
-1735.436273,47,1.400248
-4776.960632,47,1.404974
22.2,47,1.407248
-468.768225,47,1.410263
-366.944678,47,1.412284
-226.249855,47,1.415773
-1688.938574,47,1.418278
-1436.924479,47,1.420285
-18.009351,47,1.423311
-1202.874518,47,1.427233
-4645.605447,47,1.429243
-912.642505,47,1.566151
-37.554018,47,1.605081
99.75,47,1.647313
77.6,47,1.685024
-583.072755,47,1.722182
-270.123848,47,1.760152
-117.73977,47,1.80184
29.65,47,1.839106
18.526763,47,1.877725
39.55,47,1.917391
31.65,47,1.959421
35.25,47,1.997389
28.05,47,2.036577
-206.081866,47,2.074504
31.05,47,2.114341
14.324161,47,2.152274
-150.880601,47,2.191964
25.7,47,2.230244
-73.597065,47,2.271207
-16.856237,47,2.309238
-44.836157,47,2.347107
-59.993954,47,2.383956
24.415072,47,2.427597
70.196689,47,2.465178
69.603386,47,2.503139
69.2,47,2.538694
162.65,47,2.58294
27.076389,47,2.619671
17.961612,47,2.657258
33.721553,47,2.699273
24.483931,47,2.740337
15.970992,47,2.780321
-60.162921,47,2.82027
14.510919,47,2.854161
35.437684,47,2.89506
58.610105,47,2.933234
52.890417,47,2.973286
19.836188,47,3.010715
-116.352555,47,3.053957
48.731013,47,3.091547
58.916703,47,3.130315
69.283016,47,3.164978
36.512527,47,3.208332
47.38398,47,3.246103
38.391595,47,3.284242
103.336285,47,3.32027
71.191876,47,3.361341
117.65,47,3.400255
-154.872627,47,3.438375
-1891.306489,47,3.476155
40.595056,47,3.518239
102.341354,47,3.559204
52.1,47,3.597307
-16.917989,47,3.632988
39.8,47,3.67421
29.95,47,3.713907
-100.106219,47,3.753958
35.402675,47,3.789839
29.710318,47,3.830245
11.771283,47,3.868294
-30.667268,47,3.903942
-81.497972,47,3.939739
21.10078,47,3.981642
-97.400618,47,4.020305
-35.374327,47,4.059489
1.191488,47,4.095259
-0.685073,47,4.135994
-64.742434,47,4.173248
30.75,47,4.211149
-16.561117,47,4.249172
-162.973629,47,4.288655
-31.90247,47,4.328444
-147.429228,47,4.36601
-154.304607,47,4.401342
7.954226,47,4.442284
82.95,47,4.48023
14.755583,47,4.519384
48.075434,47,4.557633
56.620768,47,4.600181
53.65,47,4.638153
24.341599,47,4.675046
65.707733,47,4.709736
62.85,47,4.751257
117.15,47,4.79065
-313.357824,47,4.82941
46.05,47,4.86725
-750.274995,47,4.908207
-550.902193,47,4.945265
54.969933,47,4.984045
73.45,47,5.021707
45.18714,47,5.062915
-77.413637,47,5.101171
-60.397537,47,5.140905
30.3,47,5.17616
8.7,47,5.218088
7.324302,47,5.253237
24.118402,47,5.291792
-10.384854,47,5.328292
37.866534,47,5.369278
-18.972827,47,5.407243
-63.990948,47,5.443888
56.655135,47,5.480386
33.45,47,5.521384
25.35,47,5.563135
40.8,47,5.601311
54.191831,47,5.638537
43.718585,47,5.680549
-154.55144,47,5.721241
77.0,47,5.758181
-23.754856,47,5.794196
-131.972275,47,5.835193
10.65,47,5.875174
50.882748,47,5.915286
7.265552,47,5.951588
8.381647,47,5.991385
14.1,47,6.029774
-43.828949,47,6.070537
-262.133831,47,6.108394
63.094831,47,6.147813
35.4,47,6.186732
34.2,47,6.225171
29.262141,47,6.261749
-147.840634,47,6.302186
10.75,47,6.343943
78.1,47,6.384101
-54.670772,47,6.419362
-226.87861,47,6.461441
-226.447622,47,6.497684
49.25,47,6.536049
-59.722999,47,6.574053
86.15,47,6.615656
16.15,47,6.654143
16.8,47,6.692904
8.1,47,6.72935
-0.387075,47,6.770421
33.7,47,6.809731
53.7,47,6.850198
21.1,47,6.886172
28.5,47,6.928101
8.849207,47,6.96439
-23.039959,47,7.001709
25.85,47,7.037187
-0.20017,47,7.083304
-28.107955,47,7.121561
30.9,47,7.161491
13.25,47,7.19924
34.15,47,7.242885
18.15,47,7.28142
-3.966115,47,7.320365
-5.997013,47,7.360402
-24.045782,47,7.402233
10.897291,47,7.441581
23.161766,47,7.480361
176.1,47,7.518139
7.314848,47,7.562133
38.399334,47,7.604104
24.209039,47,7.64542
29.726017,47,7.68179
26.448166,47,7.726421
-13.404731,47,7.764411
25.903818,47,7.804014
43.368486,47,7.842151
36.366339,47,7.886599
55.560602,47,7.927757
56.015075,47,7.968343
23.05,47,8.007139
41.367136,47,8.049542
73.0,47,8.090884
76.2,47,8.135118
50.647336,47,8.172921
67.2,47,8.217139
37.820143,47,8.258176
111.523306,47,8.298299
110.288569,47,8.335984
98.65,47,8.381228
-128.196844,47,8.422855
-2671.904613,47,8.461514
51.936014,47,8.499648
104.465979,47,8.543069
32.9,47,8.581731
14.931327,47,8.622363
26.05,47,8.66288
36.15,47,8.70714
-5.648496,47,8.744351
26.1,47,8.785321
31.35,47,8.824066
29.2,47,8.867601
24.4,47,8.910192
19.0,47,8.94925
4.534769,47,8.985469
-34.56411,47,9.030152
16.8,47,9.07176
29.6,47,9.111486
15.3,47,9.14912
-4.791753,47,9.19522
31.2,47,9.238206
12.3,47,9.277869
-81.642757,47,9.317223
-2.200183,47,9.361295
-14.26679,47,9.401507
13.2,47,9.442988
-11.449872,47,9.482283
77.95,47,9.526895
30.9,47,9.569346
61.25,47,9.609231
53.65,47,9.645138
53.6,47,9.691398
40.437241,47,9.733042
56.35,47,9.774387
51.398605,47,9.812638
100.1,47,9.855213
-275.286749,47,9.894911
31.2,47,9.935066
-556.895998,47,9.977682
-816.052623,47,10.021574
89.090053,47,10.061246
73.2,47,10.101239
58.2,47,10.13958
89.3,47,10.183095
-39.208072,47,10.226064
-15.385044,47,10.265089
10.75,47,10.302943
-7.540093,47,10.348361
20.45,47,10.388306
14.2,47,10.426694
-4.973136,47,10.465242
-22.495493,47,10.511861
7.0,47,10.553888
72.75,47,10.593334
6.583539,47,10.631267
6.9,47,10.675911
24.447986,47,10.716115
49.35,47,10.760427
61.1,47,10.797243
-5.155133,47,10.842249
81.05,47,10.882244
7.05,47,10.921671
27.07203,47,10.96136
-74.910902,47,11.004357
33.679529,47,11.045524
42.95,47,11.088229
8.05,47,11.126048
4.5,47,11.169287
4.2,47,11.208575
-173.016234,47,11.2531
96.3,47,11.292248
23.784793,47,11.335882
28.3,47,11.376052
17.159512,47,11.419187
4.6,47,11.455295
-91.362074,47,11.499347
68.35,47,11.545006
13.45,47,11.586129
-142.691645,47,11.626226
-227.211192,47,11.672288
42.489957,47,11.710331
99.8,47,11.751235
75.25,47,11.792983
6.450419,47,11.840283
-1.620998,47,11.879759
16.8,47,11.923893
-22.944706,47,11.962259
13.7,47,12.010333
31.8,47,12.054243
10.25,47,12.0959
8.4,47,12.132999
5.1,47,12.179666
16.15,47,12.219386
-2.615856,47,12.258519
22.05,47,12.299345
-2.4,47,12.345442
17.75,47,12.386266
13.95,47,12.428111
17.0,47,12.467302
28.05,47,12.5103
54.75,47,12.557201
42.35,47,12.600395
42.55,47,12.639298
54.415982,47,12.686352
61.3,47,12.727138
157.25,47,12.765454
64.55,47,12.808138
35.505466,47,12.85532
35.475881,47,12.896036
49.095624,47,12.938887
52.75,47,12.975684
24.201504,47,13.025363
35.15,47,13.07121
36.1,47,13.11215
42.45,47,13.151363
48.2,47,13.198472
51.213899,47,13.238337
14.85,47,13.278976
41.25,47,13.316746
75.45,47,13.367489
76.9,47,13.414967
43.6,47,13.454883
53.5,47,13.493
95.55,47,13.537186
88.637072,47,13.578569
111.483603,47,13.625281
75.45,47,13.664188
-27.18973,47,13.710753
-1179.506237,47,13.751405
53.322278,47,13.791394
106.0,47,13.830248
38.25,47,13.878519
25.193319,47,13.920061
31.0,47,13.960424
30.55,47,14.003111
35.55,47,14.052984
-0.082059,47,14.094121
2.701061,47,14.138889
7.929846,47,14.179646
17.55,47,14.228116
13.72757,47,14.268581
-17.564409,47,14.30819
-40.10848,47,14.348137
-71.605312,47,14.401261
-48.141294,47,14.441326
16.35,47,14.481751
16.0,47,14.523023
8.55,47,14.570404
-67.851031,47,14.609243
-166.846585,47,14.654304
-66.070894,47,14.694925
10.263979,47,14.741691
-47.211449,47,14.782314
9.75,47,14.821427
75.05,47,14.863883
17.35,47,14.913296
49.501548,47,14.954268
64.7,47,14.99817
69.75,47,15.040424
61.3,47,15.086344
51.788598,47,15.127234
52.55,47,15.171357
93.95,47,15.211938
-430.565063,47,15.257844
22.019089,47,15.300441
-641.009811,47,15.340999
-1494.615759,47,15.37867
78.8,47,15.428385
62.55,47,15.473962
48.45,47,15.519449
91.35,47,15.560276
13.65,47,15.609214
33.45,47,15.65331
-61.017908,47,15.697097
5.5,47,15.737651
14.305169,47,15.784338
26.0,47,15.826035
29.4,47,15.866359
29.298107,47,15.907185
7.2,47,15.957921
65.1,47,16.00089
-38.05961,47,16.043284
-40.075514,47,16.082962
16.186459,47,16.129907
39.4,47,16.177666
19.886379,47,16.218139
-32.263511,47,16.258452
75.5,47,16.305161
6.411856,47,16.346663
25.858407,47,16.3874
13.65,47,16.427283
69.7,47,16.477633
49.0,47,16.51936
-35.389797,47,16.5649
7.0,47,16.603054
4.05,47,16.649445
-144.836796,47,16.69614
87.6,47,16.740188
37.65,47,16.779758
33.45,47,16.827595
46.0,47,16.868272
4.3,47,16.911343
3.904863,47,16.95319
63.3,47,16.998312
-46.638199,47,17.042284
-234.827965,47,17.086284
-16.430145,47,17.126421
19.85959,47,17.171901
87.5,47,17.216625
75.4,47,17.259701
-53.981657,47,17.298813
-71.971875,47,17.347286
-145.293642,47,17.390457
23.05,47,17.431587
40.2,47,17.473125
37.7,47,17.519496
24.45,47,17.563154
23.6,47,17.604918
16.7,47,17.647528
20.45,47,17.691764
30.170172,47,17.740281
10.9,47,17.780791
14.222383,47,17.822251
29.05,47,17.86855
18.1,47,17.911701
-55.510642,47,17.951454
34.45,47,17.995211
-101.469831,47,18.042338
8.70123,47,18.088212
65.3,47,18.129199
94.45,47,18.169228
73.5,47,18.21616
171.7,47,18.26236
64.8,47,18.307166
30.35,47,18.348618
-4.726076,47,18.395032
46.65,47,18.437108
53.6,47,18.477457
27.64449,47,18.524095
36.05,47,18.57149
44.6,47,18.61324
42.145259,47,18.659407
53.05,47,18.697472
60.85,47,18.741611
13.35,47,18.791236
57.0,47,18.833007
79.5,47,18.873357
71.95,47,18.920438
31.915837,47,18.962879
71.15,47,19.010386
79.4,47,19.050624
86.607685,47,19.099467
95.5,47,19.141894
70.451239,47,19.183033
31.533863,47,19.223076
-3157.938007,47,19.271749
63.789995,47,19.316006
80.15,47,19.3606
9.914587,47,19.40179
-3.803326,47,19.451723
38.2,47,19.491754
11.843123,47,19.537633
42.95,47,19.580773
38.3,47,19.629376
21.2,47,19.673017
-18.916065,47,19.71335
-57.224434,47,19.754177
19.1,47,19.805102
-1.591226,47,19.851308
-112.783273,47,19.891587
21.778282,47,19.935075
31.75,47,19.980926
-66.094743,47,20.027248
29.65,47,20.073037
-19.330974,47,20.11545
-64.392334,47,20.16614
9.6,47,20.207168
7.8,47,20.252962
1.911869,47,20.291718
-393.87423,47,20.341543
-118.586727,47,20.384888
66.85,47,20.430683
25.05,47,20.471308
56.05,47,20.521538
43.5,47,20.565001
27.95,47,20.6097
43.45,47,20.651658
52.652067,47,20.702231
33.5,47,20.743913
70.25,47,20.784354
-299.524553,47,20.824332
37.0,47,20.8764
-726.894314,47,20.920365
-1450.653156,47,20.964983
80.4,47,21.005068
77.25,47,21.053892
41.35,47,21.101786
70.85,47,21.146253
-342.659356,47,21.187407
15.319155,47,21.236271
-50.425381,47,21.275965
9.169966,47,21.318156
27.9,47,21.360294
18.85,47,21.409765
-13.836933,47,21.453983
34.930737,47,21.497216
17.7,47,21.536789
48.55,47,21.591029
15.738435,47,21.638383
19.199818,47,21.679356
33.676883,47,21.719389
37.306724,47,21.76665
21.740644,47,21.809345
13.65,47,21.850425
50.556982,47,21.898412
0.223896,47,21.944916
37.4,47,21.99132
13.65,47,22.036362
46.4,47,22.075965
10.35,47,22.122897
30.75,47,22.171666
-94.238561,47,22.214053
13.65,47,22.255948
-516.583844,47,22.30428
72.95,47,22.346171
37.55,47,22.38627
36.2,47,22.430307
48.7,47,22.480519
9.75,47,22.523329
-98.085418,47,22.569752
71.65,47,22.608769
11.65,47,22.66055
-316.277419,47,22.704022
-119.489976,47,22.74605
45.6,47,22.786672
84.15,47,22.83411
81.8,47,22.877121
-60.213361,47,22.921493
-27.778588,47,22.96191
5.05253,47,23.010633
28.5,47,23.055251
37.25,47,23.09638
-1.613014,47,23.137427
-10.063496,47,23.186777
31.9,47,23.230526
29.85,47,23.275412
-17.678984,47,23.31599
26.75,47,23.360402
23.7,47,23.401633
13.5,47,23.449193
-23.42243,47,23.491693
27.85,47,23.54038
36.141621,47,23.584992
34.75,47,23.626062
39.4,47,23.664199
51.2,47,23.716775
45.7,47,23.760785
90.85,47,23.803876
75.8,47,23.847513
154.55,47,23.892209
56.3,47,23.932047
23.402648,47,23.979244
22.325881,47,24.022195
56.9,47,24.073322
38.65,47,24.116021
43.6,47,24.155746
24.773473,47,24.195885
28.15,47,24.248324
55.457552,47,24.291746
47.256453,47,24.332987
54.3,47,24.373171
18.35,47,24.420592
44.4,47,24.461683
52.24128,47,24.507197
77.85,47,24.547664
49.6,47,24.595957
45.95,47,24.637696
84.6,47,24.677734
97.45,47,24.720286
99.5,47,24.770673
93.1,47,24.811847
-140.832445,47,24.853889
-2197.930483,47,24.896776
63.689995,47,24.941545
64.3,47,24.981699
31.6,47,25.031583
23.851876,47,25.072878
23.963911,47,25.121468
11.68506,47,25.164171
25.107014,47,25.205042
38.85,47,25.244978
11.25,47,25.30081
36.237495,47,25.343134
24.9,47,25.385254
-27.572742,47,25.427222
8.305932,47,25.474181
19.95,47,25.516019
10.846965,47,25.564028
28.2,47,25.605432
-88.431535,47,25.651968
2.1,47,25.692362
29.55,47,25.733266
-90.41005,47,25.772928
-21.356174,47,25.824188
-34.390452,47,25.868188
15.749135,47,25.910461
-44.133034,47,25.951503
-58.451131,47,26.001288
66.1,47,26.042308
16.85,47,26.08993
48.95,47,26.130384
41.65,47,26.179622
53.75,47,26.219708
41.554367,47,26.260345
58.45,47,26.30147
60.5,47,26.351302
88.0,47,26.396008
-247.761593,47,26.441506
37.95,47,26.481535
-521.701762,47,26.530284
-1078.9509,47,26.576667
74.286058,47,26.621824
72.15,47,26.664756
46.15,47,26.709291
81.7,47,26.751299
-201.295005,47,26.79182
12.1,47,26.836045
-94.789234,47,26.88439
24.252628,47,26.927327
-12.92341,47,26.969283
9.1,47,27.008297
37.5,47,27.055261
25.45,47,27.098418
-0.64507,47,27.143929
52.8,47,27.184017
-100.7985,47,27.23235
-101.381582,47,27.27333
-27.189655,47,27.315015
32.384536,47,27.358285
19.95,47,27.408266
12.75,47,27.449166
80.7,47,27.492083
-4.299161,47,27.53332
41.93846,47,27.58139
-39.874717,47,27.63035
-19.764607,47,27.67148
40.55,47,27.713922
31.65,47,27.760263
13.65,47,27.802303
-54.102342,47,27.841819
-144.836796,47,27.886612
71.0,47,27.936799
25.45262,47,27.979771
24.507596,47,28.020314
52.57514,47,28.060511
-190.858964,47,28.108701
-0.725714,47,28.154066
75.45,47,28.198105
23.55,47,28.239646
-283.673159,47,28.28808
-113.061823,47,28.328329
45.5,47,28.374061
70.464154,47,28.411651
71.75,47,28.457777
-104.293491,47,28.501341
-51.814322,47,28.541378
-170.677405,47,28.581895
35.7,47,28.631273
19.9,47,28.677001
34.7,47,28.719521
28.894772,47,28.760521
8.0,47,28.80769
-0.034889,47,28.849487
-17.514365,47,28.894202
20.93242,47,28.935538
25.049816,47,28.985096
-27.878206,47,29.027241
-28.020007,47,29.072259
-81.340776,47,29.111568
33.158999,47,29.163167
42.07069,47,29.204284
57.288312,47,29.247411
-37.482983,47,29.28649
66.2,47,29.331702
85.2,47,29.371759
76.55,47,29.41945
163.55,47,29.460442
56.1,47,29.51141
7.977578,47,29.554931
33.325881,47,29.597349
28.25,47,29.63612
61.65,47,29.689116
39.258367,47,29.733011
15.293102,47,29.775469
44.35,47,29.817127
43.707552,47,29.862897
57.3,47,29.903312
49.5,47,29.951472
32.55,47,29.996006
38.9,47,30.04302
76.3,47,30.087071
44.1,47,30.127695
49.2,47,30.168267
49.5,47,30.221416
86.8,47,30.267158
118.15,47,30.310184
96.4,47,30.352229
86.5,47,30.398468
14.813235,47,30.439889
-1179.506237,47,30.489466
59.689995,47,30.532175
102.5,47,30.58508
25.85,47,30.624298
21.334042,47,30.665372
27.4,47,30.711588
26.236375,47,30.761632
-369.334618,47,30.804304
38.423996,47,30.848514
30.15,47,30.888777
3.498894,47,30.935558
25.307588,47,30.983913
-46.459079,47,31.027321
20.062625,47,31.070664
-22.244629,47,31.121698
-52.569414,47,31.163896
22.25,47,31.204953
-50.255126,47,31.248183
8.628812,47,31.29774
28.5,47,31.339483
-34.184467,47,31.381615
-122.777453,47,31.422348
-45.509026,47,31.468678
13.945047,47,31.515805
13.65,47,31.560619
10.75,47,31.603096
65.449975,47,31.648179
-13.877621,47,31.691381
54.9,47,31.736369
49.65,47,31.777331
64.6,47,31.823245
43.35,47,31.868261
54.713245,47,31.908732
46.8,47,31.949137
73.2,47,32.005402
-247.761593,47,32.051528
-22.95113,47,32.097409
-477.67388,47,32.137631
-751.944528,47,32.183941
82.1,47,32.226682
54.3,47,32.274484
67.25,47,32.316706
82.192208,47,32.366655
10.95,47,32.409209
9.920791,47,32.450683
9.15,47,32.490256
13.2,47,32.54177
37.05,47,32.585966
23.15,47,32.631271
15.907193,47,32.673313
21.803754,47,32.718243
15.05,47,32.760726
45.85,47,32.806055
-61.089292,47,32.846215
-66.782817,47,32.896365
9.55,47,32.938153
30.946509,47,32.978288
55.05,47,33.01965
8.368503,47,33.075296
78.4,47,33.11912
13.2,47,33.165147
25.724331,47,33.201536
13.65,47,33.251678
39.862494,47,33.296023
38.7,47,33.340374
-24.903188,47,33.382932
-107.337537,47,33.429939
11.1,47,33.470468
-248.330512,47,33.513982
84.75,47,33.55836
10.884127,47,33.607292
17.65,47,33.649351
10.799056,47,33.691033
13.65,47,33.730282
11.1,47,33.776346
52.65,47,33.823923
20.122391,47,33.867218
-314.405253,47,33.90958
-282.86946,47,33.957222
37.25,47,33.998127
64.15,47,34.038735
64.764577,47,34.085071
-60.233807,47,34.134137
-132.74907,47,34.174326
-9.054468,47,34.221367
8.45,47,34.260458
23.172278,47,34.305213
20.3,47,34.354358
25.744772,47,34.39609
10.63094,47,34.439678
30.53218,47,34.489039
2.369905,47,34.529588
-24.156549,47,34.576169
7.490337,47,34.619162
16.523534,47,34.665159
13.65,47,34.711611
-14.530011,47,34.75399
17.713084,47,34.791742
11.35,47,34.840359
46.0,47,34.885254
35.95,47,34.926116
52.6,47,34.968455
75.8,47,35.014784
62.5,47,35.057323
141.7,47,35.103136
45.495597,47,35.142912
17.116029,47,35.188468
24.175881,47,35.230443
44.1,47,35.2716
38.75,47,35.311383
10.038551,47,35.361785
29.55,47,35.406025
35.15,47,35.448277
33.457552,47,35.491307
55.145127,47,35.53934
53.3,47,35.581026
-0.675098,47,35.62732
49.85,47,35.667209
61.2,47,35.714892
80.25,47,35.759732
42.1,47,35.800998
60.8,47,35.840317
79.1,47,35.89299
89.5,47,35.935447
109.75,47,35.980598
99.9,47,36.024052
72.059492,47,36.072913
-2682.795956,47,36.115423
43.789995,47,36.162445
66.25,47,36.203357
30.1,47,36.250888
2.198774,47,36.294172
38.1,47,36.333961
8.1,47,36.371613
33.75,47,36.420291
14.65,47,36.464043
12.85,47,36.50722
-41.619679,47,36.549749
13.65,47,36.597723
18.75,47,36.638689
14.1,47,36.684972
13.65,47,36.728381
-16.3253,47,36.77598
25.3,47,36.818308
12.75,47,36.861628
4.309546,47,36.903043
10.75,47,36.952992
13.65,47,36.995437
-120.333002,47,37.039343
-231.575999,47,37.079317
33.15,47,37.128139
-52.810217,47,37.168434
12.1,47,37.213151
33.15,47,37.258272
5.75,47,37.309301
43.7,47,37.348533
56.4,47,37.393156
17.244282,47,37.430202
34.6,47,37.482966
61.55,47,37.528906
50.05,47,37.573225
65.45,47,37.614568
-250.011593,47,37.661571
4.6,47,37.705434
-633.984135,47,37.749376
-1378.38786,47,37.789365
81.95,47,37.840846
76.6,47,37.881711
44.4,47,37.921718
54.4,47,37.960358
-52.15313,47,38.013937
19.65,47,38.058034
-259.361701,47,38.101342
14.9,47,38.141697
12.936726,47,38.188266
23.209595,47,38.235836
37.85,47,38.280578
-13.72114,47,38.321721
-62.526676,47,38.371229
61.55,47,38.413266
21.3,47,38.455021
9.2,47,38.501568
25.85,47,38.551349
40.334536,47,38.595486
10.9635,47,38.638537
-135.16123,47,38.678163
93.15,47,38.725504
8.15,47,38.773192
30.2,47,38.8141
-13.321119,47,38.855405
6.183601,47,38.903012
12.3,47,38.941546
18.15,47,38.987231
13.65,47,39.034055
11.1,47,39.083045
-144.836796,47,39.127122
73.7,47,39.170397
15.7,47,39.210874
35.65,47,39.261257
40.65,47,39.306732
9.9,47,39.350508
-97.93286,47,39.391279
52.257945,47,39.436316
-92.669168,47,39.478975
-378.734538,47,39.526286
-157.770482,47,39.569501
29.8,47,39.618728
94.4,47,39.660275
68.15,47,39.702893
-34.289424,47,39.741637
-4.775737,47,39.793338
-148.858358,47,39.836257
15.9,47,39.880507
-37.74662,47,39.920321
27.15,47,39.967247
10.894772,47,40.007756
-41.797918,47,40.055143
9.9,47,40.098807
9.569905,47,40.146134
-62.567412,47,40.188626
13.540337,47,40.229244
5.622383,47,40.26815
2.057344,47,40.320408
0.458596,47,40.363895
-28.944439,47,40.406133
-11.719193,47,40.448164
49.65,47,40.495274
35.75,47,40.540192
50.75,47,40.586135
81.85,47,40.627168
60.9,47,40.674053
131.65,47,40.718212
57.9,47,40.75932
23.65,47,40.799174
8.925881,47,40.85397
36.8,47,40.895184
38.75,47,40.940443
59.1,47,40.98146
20.85,47,41.032259
32.95,47,41.080408
33.507552,47,41.122309
56.045127,47,41.163096
40.55,47,41.210908
6.87812,47,41.251566
44.3,47,41.295132
62.3,47,41.340428
65.976431,47,41.390494
34.75,47,41.431574
55.9,47,41.473373
87.45,47,41.517364
84.35,47,41.565155
94.9,47,41.614081
64.085466,47,41.657175
56.064832,47,41.695949
-1710.917792,47,41.742366
54.239995,47,41.783149
75.8,47,41.826053
22.8,47,41.869799
-33.006518,47,41.919439
26.35,47,41.963036
13.25,47,42.003979
20.65,47,42.04227
19.5,47,42.091537
18.3,47,42.138789
10.313786,47,42.180511
13.65,47,42.22322
-10.243175,47,42.270249
11.1,47,42.31086
13.2,47,42.351551
4.343482,47,42.396794
18.75,47,42.446327
5.179496,47,42.490644
7.628812,47,42.532253
13.2,47,42.572922
10.557412,47,42.627281
12.3,47,42.670975
11.85,47,42.714076
37.15,47,42.756342
13.65,47,42.805
-50.719219,47,42.844965
18.0,47,42.889707
11.2,47,42.929697
45.4,47,42.976006
50.15,47,43.019861
28.15,47,43.059571
32.3,47,43.100273
17.65,47,43.148745
56.35,47,43.193025
58.3,47,43.234951
-502.212118,47,43.277165
11.85,47,43.324159
-610.790261,47,43.36615
-963.207915,47,43.414201
81.25,47,43.457405
32.55,47,43.501856
61.05,47,43.544366
89.3,47,43.587262
-52.753834,47,43.628215
12.1,47,43.679244
-90.926352,47,43.721879
23.1,47,43.764201
28.95,47,43.807169
6.1,47,43.851618
31.45,47,43.893146
14.582376,47,43.938253
12.3,47,43.979395
48.5,47,44.027377
11.45,47,44.069841
12.35,47,44.109543
12.3,47,44.148374
13.65,47,44.201358
35.0,47,44.244913
-114.495877,47,44.286172
35.9,47,44.328803
11.25,47,44.373214
25.9,47,44.411645
-14.511222,47,44.460494
23.072616,47,44.501523
26.3,47,44.552639
11.7,47,44.591844
13.65,47,44.634787
15.45,47,44.674909
-416.50252,47,44.728226
70.0,47,44.770413
21.35,47,44.813251
14.35,47,44.853311
24.35,47,44.899706
10.2,47,44.941268
11.2,47,44.985639
62.8,47,45.028846
17.05,47,45.079848
-138.939126,47,45.120695
-22.303368,47,45.160165
51.25,47,45.199421
63.9,47,45.249145
74.4,47,45.291399
-29.380281,47,45.33529
-36.078291,47,45.374306
-81.889803,47,45.420329
-14.832247,47,45.460501
15.811856,47,45.507263
28.5,47,45.549274
-12.618022,47,45.596169
-10.11814,47,45.641113
11.9,47,45.681571
11.069905,47,45.720523
10.986695,47,45.773217
0.490337,47,45.816844
5.389668,47,45.861741
21.0,47,45.903097
13.65,47,45.948243
9.645882,47,45.98769
33.15,47,46.035136
50.2,47,46.077212
30.0,47,46.123001
45.05,47,46.166285
87.6,47,46.208682
49.0,47,46.249934
136.0,47,46.299795
53.9,47,46.342182
31.3,47,46.387396
29.175881,47,46.427347
41.4,47,46.47396
42.95,47,46.519631
50.75,47,46.563363
31.45,47,46.605083
36.5,47,46.654007
42.307552,47,46.694343
53.095127,47,46.734939
42.459721,47,46.777217
13.22812,47,46.825011
43.8,47,46.868202
56.9,47,46.912362
60.05,47,46.951632
53.3,47,46.997478
62.25,47,47.041839
90.7,47,47.087144
85.6,47,47.128251
102.55,47,47.174129
64.25,47,47.217226
-83.187618,47,47.255756
-1310.299537,47,47.298464
64.139995,47,47.346368
60.85,47,47.390367
38.9,47,47.434107
28.17924,47,47.473282
41.65,47,47.517251
-2.141396,47,47.566351
36.85,47,47.60822
26.95,47,47.650431
32.3,47,47.696979
18.301249,47,47.738893
23.75,47,47.780692
22.0,47,47.827275
17.5,47,47.873963
-61.726547,47,47.920339
-0.606518,47,47.961164
-22.718045,47,47.998596
20.4,47,48.045054
18.828812,47,48.092062
27.6,47,48.135961
14.1,47,48.177698
-205.418689,47,48.224318
-83.936137,47,48.266038
40.3,47,48.307705
13.65,47,48.352402
-112.207981,47,48.401886
42.661294,47,48.44539
21.55,47,48.486029
58.25,47,48.527307
50.4,47,48.576786
34.25,47,48.624181
59.8,47,48.668234
32.206123,47,48.710243
54.3,47,48.755444
65.85,47,48.79919
-527.894299,47,48.842895
14.05,47,48.886074
-826.665998,47,48.931565
-1067.460761,47,48.976105
85.6,47,49.017714
72.5,47,49.059598
63.45,47,49.107461
84.55,47,49.148771
-38.302232,47,49.191229
24.6,47,49.236081
11.2,47,49.282346
22.6,47,49.324082
-13.14035,47,49.371523
11.647282,47,49.41075
-18.459272,47,49.458172
-34.451735,47,49.501659
-20.481213,47,49.541306
61.6,47,49.583272
20.6,47,49.638729
9.0,47,49.680248
16.983297,47,49.722907
24.491632,47,49.765192
42.3158,47,49.810296
-23.185964,47,49.85136
70.3,47,49.89433
21.3,47,49.935512
35.9,47,49.9851
9.85,47,50.026185
48.35,47,50.071292
32.75,47,50.111253
16.9,47,50.160447
1.557442,47,50.202912
17.95,47,50.245951
-409.962956,47,50.286085
64.8,47,50.331749
31.15,47,50.376123
21.65,47,50.421542
35.65,47,50.465309
14.7,47,50.515072
21.3,47,50.558355
76.9,47,50.601923
10.8,47,50.641278
-633.302429,47,50.691525
-130.599341,47,50.732131
38.75,47,50.776293
81.8,47,50.816222
78.85,47,50.86336
18.759165,47,50.905209
13.9,47,50.951332
14.12932,47,50.991566
-26.237341,47,51.042228
24.672278,47,51.084476
26.5,47,51.121408
12.194772,47,51.160895
-21.845113,47,51.214461
20.8,47,51.257479
15.519905,47,51.299244
21.536695,47,51.340164
21.590337,47,51.387683
5.589668,47,51.42969
14.15,47,51.471506
26.25,47,51.5163
22.813084,47,51.565213
34.0,47,51.607584
46.4,47,51.647831
32.25,47,51.688329
59.8,47,51.739726
87.35,47,51.784967
64.3,47,51.827324
124.85,47,51.867739
62.75,47,51.916172
4.629304,47,51.957705
34.225881,47,52.003947
46.5,47,52.046952
33.65,47,52.095319
46.3,47,52.137274
34.05,47,52.18068
36.3,47,52.219888
46.607552,47,52.272922
60.799137,47,52.314134
51.2,47,52.359305
13.22812,47,52.398157
55.05,47,52.445354
65.4,47,52.487325
76.0,47,52.534958
38.15,47,52.576901
65.5,47,52.62222
83.5,47,52.666299
88.8,47,52.706734
88.5,47,52.747196
53.25,47,52.801203
64.1,47,52.844997
-1286.754142,47,52.89023
52.989995,47,52.929497
76.35,47,52.975986
36.15,47,53.022347
17.82924,47,53.066438
28.8,47,53.108243
23.55,47,53.154311
34.45,47,53.196229
26.5,47,53.237292
27.8,47,53.28099
21.251249,47,53.328737
27.4,47,53.373011
12.7,47,53.413094
23.1,47,53.453996
12.25,47,53.500688
6.480492,47,53.547247
31.55,47,53.591839
-101.461265,47,53.635049
-60.604372,47,53.680354
21.55,47,53.722912
16.15,47,53.766511
13.65,47,53.811388
-182.95977,47,53.858776
-4.309371,47,53.902951
1.04705,47,53.944335
19.05,47,53.983194
74.4,47,54.033085
30.25,47,54.079515
54.05,47,54.122235
45.7,47,54.160751
7.03042,47,54.209274
48.5,47,54.25027
39.55,47,54.292331
59.65,47,54.335177
61.25,47,54.382997
-272.200548,47,54.428295
4.449311,47,54.467581
-616.301119,47,54.508491
-1028.641278,47,54.553936
78.2,47,54.600584
60.65,47,54.644377
66.5,47,54.686426
64.700283,47,54.733367
-240.217683,47,54.774567
19.65,47,54.815934
12.75,47,54.860503
21.3,47,54.910509
37.05,47,54.955348
24.7,47,54.998432
33.95,47,55.039347
33.2,47,55.088659
-154.311999,47,55.132381
34.5,47,55.171396
15.789287,47,55.211177
15.6,47,55.258249
31.4,47,55.300873
31.141632,47,55.340363
49.789769,47,55.384113
-93.346087,47,55.430798
14.44923,47,55.475516
23.8,47,55.516058
23.645863,47,55.554046
14.1,47,55.601944
41.7,47,55.650283
40.2,47,55.691589
16.3,47,55.734091
-55.895112,47,55.780387
8.55,47,55.822158
-475.524918,47,55.864023
76.85,47,55.91036
28.75,47,55.958708
20.3,47,56.000856
46.0,47,56.043274
10.55,47,56.083023
12.75,47,56.136286
52.55,47,56.178397
16.8,47,56.222194
-116.379379,47,56.262305
-74.941746,47,56.30938
35.314098,47,56.348442
57.95,47,56.396526
63.45,47,56.436473
17.124027,47,56.484084
13.798752,47,56.526153
4.72932,47,56.568579
16.1,47,56.608446
37.672278,47,56.660306
-19.337606,47,56.70339
16.344772,47,56.745958
19.2,47,56.787205
22.25,47,56.833208
23.1,47,56.873084
14.919922,47,56.919395
18.24979,47,56.95994
17.322383,47,57.009421
19.8,47,57.05441
5.45,47,57.092945
19.463084,47,57.133151
21.902426,47,57.187715
42.75,47,57.232232
28.05,47,57.277983
53.35,47,57.320552
86.25,47,57.369632
60.7,47,57.41016
115.45,47,57.458217
38.009809,47,57.498247
38.85,47,57.546045
43.1,47,57.589401
40.9,47,57.630307
38.45,47,57.670232
40.4,47,57.720594
10.593594,47,57.763085
49.4,47,57.807658
36.707552,47,57.84715
48.445127,47,57.895091
55.05,47,57.936189
22.75,47,57.983364
53.5,47,58.023321
53.5,47,58.071372
46.5,47,58.110751
53.4,47,58.153374
65.0,47,58.191495
78.15,47,58.241668
81.45,47,58.285308
71.55,47,58.33043
59.05,47,58.372179
69.85,47,58.421469
-1753.647938,47,58.467196
59.589995,47,58.510371
75.3,47,58.552956
35.4,47,58.601961
21.92924,47,58.643954
33.05,47,58.685672
20.3,47,58.729751
33.3,47,58.779284
19.55,47,58.824435
30.85,47,58.865987
8.605448,47,58.906301
12.75,47,58.95296
14.7,47,59.002982
13.2,47,59.046724
13.65,47,59.08927
-39.585477,47,59.138227
28.95,47,59.178248
6.49716,47,59.219454
7.340524,47,59.26681
23.3,47,59.314986
11.1,47,59.360381
-276.461096,47,59.401928
-71.944533,47,59.441236
37.3,47,59.49333
13.65,47,59.535358
12.1,47,59.57936
28.7,47,59.619678
18.95,47,59.670695
25.05,47,59.710599
41.85,47,59.75722
25.1,47,59.795961
35.6,47,59.845962
44.35,47,59.889388
49.3,47,59.930784
63.840001,47,59.968398
-250.011593,47,60.02228
31.6,47,60.06622
-477.67388,47,60.109494
-1367.568533,47,60.148451
71.5,47,60.192016
57.95,47,60.234193
55.7,47,60.279292
63.3,47,60.318234
-170.613409,47,60.364545
13.9,47,60.409274
-86.225641,47,60.450682
21.3,47,60.489463
17.863782,47,60.540305
22.75,47,60.584074
40.75,47,60.62738
27.65,47,60.670327
-41.996343,47,60.717757
55.6,47,60.758552
12.5,47,60.806385
4.55,47,60.846182
-23.025443,47,60.891858
15.841632,47,60.935577
36.8,47,60.98011
13.65,47,61.021699
51.8,47,61.073003
8.0,47,61.117279
34.5,47,61.161585
-231.26335,47,61.199909
33.95,47,61.246531
39.25,47,61.289008
19.95,47,61.335133
11.85,47,61.375058
-0.976325,47,61.421777
-197.510343,47,61.463995
62.6,47,61.506083
31.65,47,61.549649
33.25,47,61.601487
31.7,47,61.645969
6.1,47,61.691386
-39.966056,47,61.732412
58.8,47,61.778327
-2.045791,47,61.821121
-436.089064,47,61.863574
-92.128138,47,61.902971
43.4,47,61.953349
57.1,47,61.994066
61.5,47,62.035027
-8.900179,47,62.079369
13.348752,47,62.129524
4.72932,47,62.172343
15.65,47,62.217209
12.072278,47,62.258677
36.7,47,62.30539
14.794772,47,62.349278
18.48094,47,62.39161
19.1,47,62.433098
18.969905,47,62.483228
14.469922,47,62.525263
21.5,47,62.569224
11.522383,47,62.614193
20.65,47,62.664975
21.35,47,62.709472
-35.760003,47,62.751283
32.45,47,62.793939
53.6,47,62.839198
41.15,47,62.886399
51.3,47,62.929432
81.9,47,62.973356
63.05,47,63.021459
87.65,47,63.064001
69.05,47,63.106262
4.444356,47,63.14931
13.587705,47,63.197219
34.55,47,63.239225
52.1,47,63.28033
48.8,47,63.324065
29.1,47,63.369223
40.05,47,63.416351
41.257552,47,63.459671
52.845127,47,63.501234
45.8,47,63.546145
21.544441,47,63.58894
48.4,47,63.630303
62.2,47,63.674058
59.85,47,63.721771
41.9,47,63.764131
64.7,47,63.807294
68.5,47,63.845511
88.8,47,63.898301
88.85,47,63.938768
69.7,47,63.980819
-147.843877,47,64.02001
-2221.318381,47,64.070307
62.839995,47,64.110596
76.15,47,64.151533
45.75,47,64.196028
31.57924,47,64.245397
38.5,47,64.287344
21.95,47,64.330427
32.75,47,64.371727
21.9,47,64.420279
23.7,47,64.461383
26.3,47,64.505581
21.9,47,64.546019
16.15,47,64.591528
20.6,47,64.633293
6.1,47,64.67884
7.430492,47,64.720094
-41.523729,47,64.770219
21.2,47,64.814258
26.25,47,64.855736
16.65,47,64.896076
13.2,47,64.94679
-174.253067,47,64.989449
11.55,47,65.031615
6.336149,47,65.075521
12.3,47,65.122252
-16.714127,47,65.163958
40.25,47,65.211385
32.25,47,65.252208
47.5,47,65.298433
54.1,47,65.341731
55.1,47,65.384285
57.55,47,65.422976
40.485104,47,65.475026
57.95,47,65.518301
89.85,47,65.562935
-603.02587,47,65.603386
0.685437,47,65.651736
-1234.797396,47,65.69221
-711.023245,47,65.739817
82.6,47,65.780302
55.5,47,65.828202
58.05,47,65.871634
72.3,47,65.91567
13.65,47,65.955128
22.8,47,66.008202
-199.414362,47,66.054169
19.9,47,66.096694
20.95,47,66.13499
20.25,47,66.180578
31.7,47,66.229143
32.15,47,66.271672
-21.486922,47,66.314301
47.95,47,66.363334
19.2,47,66.404455
18.15,47,66.44769
-5.125539,47,66.492942
-5.801207,47,66.541766
49.7,47,66.58868
-33.33702,47,66.631383
73.4,47,66.669544
16.05,47,66.718415
27.3,47,66.766812
-92.051255,47,66.809722
44.25,47,66.851304
33.55,47,66.896699
17.85,47,66.939443
-46.869287,47,66.979281
9.7,47,67.026045
-174.243554,47,67.077228
70.05,47,67.12036
41.35,47,67.164008
9.214055,47,67.201688
17.4,47,67.247739
-66.113387,47,67.29304
-15.525597,47,67.33827
66.5,47,67.381517
14.8,47,67.43149
-155.682016,47,67.471828
2.677395,47,67.513338
48.5,47,67.561381
80.45,47,67.608814
76.65,47,67.654114
-61.145587,47,67.691829
-154.236056,47,67.729374
-1.301439,47,67.781844
11.4,47,67.825011
32.45,47,67.866807
-24.240879,47,67.905527
22.594772,47,67.954138
15.88094,47,67.999209
18.0,47,68.04316
14.15,47,68.086024
13.119922,47,68.134667
21.3,47,68.176322
17.922383,47,68.21632
19.95,47,68.255563
12.8,47,68.310887
17.05,47,68.354168
1.337356,47,68.399422
43.25,47,68.44145
32.15,47,68.489182
56.95,47,68.529217
63.4,47,68.577693
65.55,47,68.618953
107.15,47,68.669286
63.5,47,68.710569
-4.649059,47,68.754
32.125881,47,68.798579
34.1,47,68.851266
49.65,47,68.895552
49.95,47,68.941181
39.5,47,68.983944
50.2,47,69.034045
54.507552,47,69.079529
64.2,47,69.123298
53.2,47,69.167268
7.1,47,69.213993
32.6,47,69.255059
59.7,47,69.297338
62.5,47,69.34304
30.25,47,69.389284
66.2,47,69.435377
82.5,47,69.478323
81.85,47,69.517461
84.75,47,69.565324
80.65,47,69.611309
59.119795,47,69.664973
-1179.506237,47,69.715216
54.739995,47,69.771695
75.05,47,69.820273
38.85,47,69.86845
24.27924,47,69.91133
31.1,47,69.960399
28.85,47,70.004215
42.55,47,70.048153
25.35,47,70.089281
20.45,47,70.142227
21.9,47,70.186285
29.9,47,70.231662
13.85,47,70.273021
17.05,47,70.322419
12.45,47,70.364473
-90.617882,47,70.413221
33.05,47,70.456234
22.0,47,70.508233
21.028812,47,70.552312
-13.085927,47,70.595085
9.55,47,70.63619
11.2,47,70.690271
12.75,47,70.734019
43.85,47,70.780579
13.65,47,70.823118
-100.629116,47,70.86987
48.7,47,70.918411
23.9,47,70.9631
54.6,47,71.004752
38.55,47,71.05654
44.45,47,71.098173
-11.888892,47,71.13898
29.7,47,71.184236
41.55,47,71.230323
76.65,47,71.277246
-273.99063,47,71.321661
25.55,47,71.363311
-619.227351,47,71.409733
-644.152159,47,71.460678
75.05,47,71.504323
48.25,47,71.548271
44.55,47,71.598412
67.4,47,71.639698
12.75,47,71.687509
21.95,47,71.733187
-8.004488,47,71.78404
6.892144,47,71.829434
22.3,47,71.873214
18.35,47,71.914184
28.647113,47,71.968682
38.05,47,72.016729
11.4,47,72.061939
47.5,47,72.10431
13.2,47,72.153043
9.85,47,72.194407
25.85,47,72.243406
22.2,47,72.285303
36.15,47,72.3382
13.65,47,72.383531
41.35,47,72.425562
19.95,47,72.470338
32.1,47,72.520326
11.85,47,72.566087
48.65,47,72.610239
27.45,47,72.651272
-4.93563,47,72.700788
11.1,47,72.751516
10.97532,47,72.797367
-144.836796,47,72.840357
68.05,47,72.889246
26.55,47,72.931766
19.8,47,72.974081
35.25,47,73.021392
11.4,47,73.072301
11.2,47,73.115317
48.8,47,73.159255
18.15,47,73.198316
-61.207643,47,73.252339
-23.553368,47,73.292944
35.8,47,73.340531
57.75,47,73.382998
78.8,47,73.431625
17.524027,47,73.471951
13.798752,47,73.516435
-58.504208,47,73.558717
11.601061,47,73.607551
16.172278,47,73.648196
44.6,47,73.689371
13.394772,47,73.72868
9.2,47,73.784122
23.8,47,73.828231
11.85,47,73.870738
14.8,47,73.910907
13.6,47,73.956379
8.872383,47,73.999456
25.3,47,74.045092
22.8,47,74.086453
23.013084,47,74.136348
20.4,47,74.180842
42.4,47,74.222975
31.7,47,74.26395
56.2,47,74.314264
68.45,47,74.358322
53.3,47,74.399415
126.65,47,74.441421
59.3,47,74.489314
23.66955,47,74.53163
35.1,47,74.580647
9.102324,47,74.621358
49.943545,47,74.671481
51.75,47,74.714504
34.75,47,74.755385
34.1,47,74.797801
3.28777,47,74.848629
43.9,47,74.889463
56.6,47,74.934016
16.85,47,74.971018
27.31226,47,75.020241
55.5,47,75.071899
56.65,47,75.111981
38.05,47,75.152404
70.0,47,75.199739
93.1,47,75.243957
126.1,47,75.285157
76.95,47,75.328285
65.6,47,75.377981
60.25,47,75.420723
-2120.149672,47,75.464408
58.139995,47,75.507468
85.15,47,75.554372
36.65,47,75.60103
26.02924,47,75.644449
38.2,47,75.6885
32.25,47,75.736368
36.35,47,75.780833
25.8,47,75.821617
28.6,47,75.866767
26.5,47,75.91643
20.35,47,75.961387
-36.738269,47,76.003351
24.35,47,76.041003
-2.91771,47,76.096468
17.330492,47,76.139256
39.55,47,76.184272
12.45,47,76.225207
28.25,47,76.274085
11.9,47,76.315386
17.25,47,76.361388
-61.666839,47,76.401891
10.75,47,76.451944
39.25,47,76.493298
-58.448641,47,76.534993
11.4,47,76.578488
44.15,47,76.627284
28.75,47,76.671625
54.6,47,76.711478
53.7,47,76.754498
42.9,47,76.801291
35.9,47,76.846723
49.65,47,76.891661
53.65,47,76.934328
67.7,47,76.980743
-250.911593,47,77.025127
30.5,47,77.06742
-1735.123769,47,77.105831
-1032.773918,47,77.156689
74.326684,47,77.198421
41.4,47,77.243053
60.4,47,77.283044
70.65,47,77.331342
12.75,47,77.373038
14.3,47,77.421619
12.75,47,77.461685
20.15,47,77.509485
20.8,47,77.555136
11.1,47,77.598403
36.1,47,77.64038
16.880737,47,77.690747
14.1,47,77.736217
52.85,47,77.779773
17.95,47,77.818363
-114.567802,47,77.86421
19.05,47,77.904443
46.45,47,77.951597
19.507597,47,77.996505
-110.769605,47,78.043957
49.05,47,78.086339
16.45,47,78.12745
27.0,47,78.171545
-97.561633,47,78.220876
7.3437,47,78.263634
34.95,47,78.307228
10.5,47,78.345035
12.3,47,78.392948
17.75,47,78.439609
-408.732808,47,78.484075
64.086389,47,78.524307
40.2,47,78.574392
22.25,47,78.616689
30.5,47,78.65753
15.9,47,78.704128
-131.743383,47,78.752001
61.9,47,78.796716
13.25,47,78.838781
-162.28341,47,78.881728
6.227395,47,78.930346
41.903441,47,78.979502
56.25,47,79.023103
62.414577,47,79.065277
21.124027,47,79.11447
12.498752,47,79.154092
10.92932,47,79.196701
26.7,47,79.243089
33.272278,47,79.290332
33.8,47,79.335173
15.944772,47,79.375108
21.45,47,79.413992
23.1,47,79.469202
14.4,47,79.513128
-14.496939,47,79.560701
22.65,47,79.601775
15.272383,47,79.648388
22.05,47,79.688747
-48.182919,47,79.735084
19.3,47,79.775208
19.5,47,79.820883
51.55,47,79.862988
36.4,47,79.905506
55.262086,47,79.945131
83.301922,47,80.001292
59.85,47,80.043046
108.15,47,80.088181
69.45,47,80.130403
-40.192875,47,80.179295
31.975881,47,80.218887
49.25,47,80.265377
40.55,47,80.306136
32.5,47,80.351586
39.0,47,80.395049
38.85,47,80.438598
44.557552,47,80.478799
47.095127,47,80.527357
43.9,47,80.570316
16.25,47,80.615284
44.55,47,80.655341
55.75,47,80.701465
59.05,47,80.743037
41.0,47,80.791278
60.8,47,80.83396
83.1,47,80.885201
81.5,47,80.926257
69.25,47,80.968404
51.55,47,81.014363
-27.381967,47,81.064054
-1989.872187,47,81.10753
46.039995,47,81.151593
66.9,47,81.192051
30.0,47,81.237286
25.02924,47,81.285537
31.45,47,81.328424
4.908189,47,81.369804
37.45,47,81.420647
23.1,47,81.459404
22.85,47,81.501327
20.213786,47,81.547644
22.2,47,81.595367
20.0,47,81.638904
16.0,47,81.682324
7.0,47,81.720965
4.680492,47,81.766141
25.8,47,81.810865
13.8,47,81.8555
18.578812,47,81.89858
24.45,47,81.94873
13.65,47,81.990383
13.0,47,82.031337
13.65,47,82.077343
38.3,47,82.12638
-42.569873,47,82.168486
13.65,47,82.21205
43.65,47,82.249265
30.3,47,82.301755
53.25,47,82.346077
38.8,47,82.388834
34.1,47,82.431002
46.05,47,82.47734
39.75,47,82.517581
45.9,47,82.564324
72.9,47,82.606094
-323.94155,47,82.651717
35.85,47,82.695275
-936.544342,47,82.738508
-935.016447,47,82.776409
85.65,47,82.830948
58.55,47,82.873001
58.9,47,82.91759
72.3,47,82.959572
-66.008349,47,83.0073
20.55,47,83.04842
12.75,47,83.097296
30.45,47,83.139873
23.4,47,83.187343
20.25,47,83.230309
39.05,47,83.272525
21.680737,47,83.31074
14.8,47,83.366396
55.0,47,83.409429
11.45,47,83.451499
9.55,47,83.493392
28.814913,47,83.539263
27.606724,47,83.580832
36.05,47,83.63029
-44.520493,47,83.670355
53.3,47,83.718206
14.05,47,83.760509
32.6,47,83.803985
9.1,47,83.841914
49.4,47,83.896373
30.9,47,83.939278
29.65,47,83.982417
11.65,47,84.026491
16.15,47,84.074044
-347.834219,47,84.116848
52.840224,47,84.160233
22.514558,47,84.201322
34.95,47,84.24931
44.9,47,84.289329
-23.194546,47,84.328864
-20.724967,47,84.37401
43.159306,47,84.422949
12.8,47,84.464605
-272.109061,47,84.507397
7.127395,47,84.546171
50.153441,47,84.591719
92.65,47,84.638312
79.0,47,84.680545
-19.842489,47,84.721481
14.498752,47,84.773435
19.5,47,84.814149
21.75,47,84.854685
-60.705152,47,84.899474
43.25,47,84.948262
22.8,47,84.990411
21.75,47,85.033964
10.0,47,85.076132
-84.042877,47,85.117778
18.569922,47,85.168341
28.2,47,85.21332
9.022383,47,85.255393
26.7,47,85.303199
17.65,47,85.34401
35.05,47,85.38511
24.1,47,85.431605
59.0,47,85.480492
33.55,47,85.522955
56.85,47,85.567371
75.7,47,85.609494
60.8,47,85.657402
121.6,47,85.703361
62.75,47,85.74935
23.10759,47,85.791607
32.825881,47,85.836258
32.25,47,85.879552
43.9,47,85.928407
25.994513,47,85.972328
41.3,47,86.023388
38.9,47,86.066766
47.107552,47,86.110299
49.745127,47,86.151492
53.45,47,86.206188
-18.584685,47,86.249471
39.8,47,86.294296
48.8,47,86.332979
70.95,47,86.381692
37.85,47,86.423066
47.35,47,86.469699
68.15,47,86.510445
72.95,47,86.561607
58.75,47,86.605157
83.7,47,86.647586
49.716703,47,86.686071
-3177.14436,47,86.736169
53.639995,47,86.782464
37.516859,47,86.824085
34.4,47,86.864462
29.62924,47,86.912996
32.6,47,86.957932
20.15,47,87.004248
33.4,47,87.048342
19.55,47,87.096502
43.8,47,87.140381
25.663786,47,87.18086
26.95,47,87.227314
21.0,47,87.277377
12.114754,47,87.320571
14.662401,47,87.365449
-96.53074,47,87.405116
23.8,47,87.452983
14.84716,47,87.499267
23.05,47,87.543048
25.4,47,87.589392
11.1,47,87.636099
13.65,47,87.677277
7.1,47,87.718264
52.05,47,87.765359
-48.42086,47,87.811407
-50.203815,47,87.857434
56.3,47,87.896723
22.8,47,87.935452
47.0,47,87.983115
52.6,47,88.029918
35.85,47,88.073411
40.85,47,88.113408
51.3,47,88.161299
56.75,47,88.20449
75.5,47,88.247297
-250.461593,47,88.293401
27.9,47,88.340439
-817.629508,47,88.383136
-1200.599255,47,88.424099
62.55,47,88.467486
76.4,47,88.518243
79.289793,47,88.561435
68.7,47,88.604438
-32.714996,47,88.646042
18.25,47,88.694358
-4.960425,47,88.738239
24.45,47,88.787327
-0.220387,47,88.829295
13.55,47,88.87728
30.0,47,88.917185
41.25,47,88.959543
9.75,47,89.001477
48.5,47,89.052439
-10.845875,47,89.096097
10.75,47,89.138912
-13.722514,47,89.178255
8.383191,47,89.223993
31.45,47,89.266271
12.1,47,89.310622
37.049326,47,89.349414
-40.947829,47,89.396148
-24.864562,47,89.439364
-55.672681,47,89.479451
43.95,47,89.518182
45.85,47,89.571529
16.0,47,89.61646
1.757442,47,89.661536
